TransactionID,CustomerID,ProductID,TransactionDate,Quantity,Price,TotalValue
T0001,C0190,P0060,2023-09-19,3,551.22,1653.66
T0002,C0037,P0045,2023-05-23,3,579.66,1738.98
T0003,C0012,P0098,2023-12-08,9,31.92,287.28000000000003
T0004,C0113,P0003,2023-11-12,7,945.66,6619.62
T0005,C0183,P0037,2023-04-11,8,699.66,5597.28
T0006,C0013,P0043,2023-09-01,9,500.75,4506.75
T0007,C0023,P0040,2023-01-12,6,933.8,5602.799999999999
T0008,C0099,P0090,2023-08-27,4,444.7,1778.8
T0009,C0105,P0055,2023-02-18,1,980.63,980.63
T0010,C0030,P0087,2023-02-11,8,517.16,4137.28
T0011,C0017,P0039,2023-06-15,7,123.14,861.98
T0012,C0113,P0015,2023-03-23,2,767.15,1534.3
T0013,C0062,P0004,2023-10-18,8,682.11,5456.88
T0014,C0084,P0093,2023-06-07,5,775.26,3876.3
T0015,C0112,P0086,2023-08-04,7,951.93,6663.509999999999
T0016,C0086,P0025,2023-06-07,4,778.72,3114.88
T0017,C0141,P0013,2023-05-14,5,615.22,3076.1000000000004
T0018,C0187,P0082,2023-03-08,8,858.74,6869.92
T0019,C0019,P0033,2023-12-02,1,676.51,676.51
T0020,C0177,P0016,2023-01-07,1,414.04,414.04
T0021,C0100,P0042,2023-01-14,4,886.76,3547.04
T0022,C0140,P0066,2023-03-14,3,229.68,689.04
T0023,C0189,P0055,2023-06-12,2,717.49,1434.98
T0024,C0147,P0099,2023-03-07,3,882.75,2648.25
T0025,C0076,P0042,2023-12-13,1,734.0,734.0
T0026,C0009,P0034,2023-05-10,1,700.3,700.3
T0027,C0199,P0030,2023-07-25,6,755.11,4530.66
T0028,C0028,P0013,2023-10-03,5,470.4,2352.0
T0029,C0128,P0013,2023-09-13,8,875.43,7003.44
T0030,C0052,P0018,2023-09-23,2,211.4,422.8
T0031,C0083,P0032,2023-01-25,4,136.11,544.44
T0032,C0111,P0096,2023-10-08,8,292.65,2341.2
T0033,C0144,P0099,2023-09-10,6,536.26,3217.56
T0034,C0117,P0039,2023-11-06,1,515.46,515.46
T0035,C0069,P0046,2023-10-16,4,822.39,3289.56
T0036,C0099,P0029,2023-06-13,1,410.52,410.52
T0037,C0140,P0062,2023-04-05,2,489.5,979.0
T0038,C0025,P0093,2023-09-27,5,23.23,116.15
T0039,C0180,P0062,2023-11-17,8,415.64,3325.12
T0040,C0123,P0057,2023-04-20,8,651.3,5210.4
T0041,C0053,P0016,2023-12-02,3,25.35,76.05000000000001
T0042,C0151,P0056,2023-11-06,4,288.07,1152.28
T0043,C0144,P0010,2023-08-26,6,215.88,1295.28
T0044,C0057,P0030,2023-01-25,3,51.57,154.71
T0045,C0039,P0025,2023-05-21,2,484.47,968.94
T0046,C0109,P0084,2023-04-27,6,189.91,1139.46
T0047,C0181,P0005,2023-01-25,5,745.65,3728.25
T0048,C0042,P0065,2023-03-20,5,849.45,4247.25
T0049,C0186,P0094,2023-03-09,5,550.13,2750.65
T0050,C0167,P0049,2023-06-22,5,981.89,4909.45
T0051,C0142,P0003,2023-01-12,3,455.97,1367.91
T0052,C0122,P0045,2023-10-15,7,518.23,3627.61
T0053,C0133,P0014,2023-05-08,6,989.33,5935.9800000000005
T0054,C0163,P0030,2023-04-06,4,239.23,956.92
T0055,C0075,P0068,2023-04-02,2,943.12,1886.24
T0056,C0146,P0018,2023-05-21,9,52.41,471.68999999999994
T0057,C0076,P0062,2023-01-31,1,451.92,451.92
T0058,C0009,P0037,2023-11-30,4,79.3,317.2
T0059,C0074,P0025,2023-01-20,1,731.94,731.94
T0060,C0186,P0048,2023-05-26,6,612.32,3673.92
T0061,C0145,P0065,2023-11-12,4,709.57,2838.28
T0062,C0007,P0053,2023-06-09,5,380.74,1903.7
T0063,C0174,P0079,2023-12-15,5,375.79,1878.95
T0064,C0141,P0073,2023-02-12,9,54.87,493.83
T0065,C0168,P0015,2023-09-11,1,356.45,356.45
T0066,C0170,P0049,2023-05-10,2,930.0,1860.0
T0067,C0137,P0088,2023-03-01,6,385.43,2312.58
T0068,C0178,P0068,2023-05-31,5,833.05,4165.25
T0069,C0027,P0012,2023-10-14,7,843.9,5907.3
T0070,C0122,P0059,2023-01-05,3,379.51,1138.53
T0071,C0194,P0037,2023-09-23,3,635.67,1907.0099999999998
T0072,C0005,P0061,2023-12-11,2,104.42,208.84
T0073,C0029,P0043,2023-05-10,3,112.64,337.92
T0074,C0165,P0070,2023-09-24,1,58.17,58.17
T0075,C0166,P0039,2023-06-27,5,585.2,2926.0
T0076,C0083,P0056,2023-09-10,5,431.81,2159.05
T0077,C0136,P0063,2023-02-25,7,552.55,3867.8499999999995
T0078,C0109,P0046,2023-03-24,4,525.86,2103.44
T0079,C0065,P0088,2023-04-09,3,356.7,1070.1
T0080,C0086,P0011,2023-05-29,1,680.7,680.7
T0081,C0145,P0062,2023-11-25,8,760.92,6087.36
T0082,C0071,P0077,2023-06-05,3,24.48,73.44
T0083,C0045,P0098,2023-07-09,2,215.17,430.34
T0084,C0132,P0025,2023-09-20,4,716.1,2864.4
T0085,C0036,P0071,2023-03-21,3,392.75,1178.25
T0086,C0070,P0052,2023-09-09,1,665.86,665.86
T0087,C0159,P0004,2023-04-07,3,353.49,1060.47
T0088,C0019,P0059,2023-09-17,2,396.85,793.7
T0089,C0189,P0072,2023-09-17,8,167.09,1336.72
T0090,C0108,P0020,2023-04-13,6,265.65,1593.8999999999999
T0091,C0182,P0093,2023-02-09,9,609.36,5484.24
T0092,C0167,P0063,2023-09-30,8,438.83,3510.64
T0093,C0091,P0054,2023-04-11,3,776.56,2329.68
T0094,C0090,P0074,2023-12-25,5,854.06,4270.299999999999
T0095,C0019,P0098,2023-11-04,7,546.23,3823.61
T0096,C0039,P0057,2023-08-09,5,760.68,3803.3999999999996
T0097,C0126,P0090,2023-11-04,8,313.84,2510.72
T0098,C0195,P0041,2023-05-04,5,420.82,2104.1
T0099,C0173,P0003,2023-08-19,1,715.65,715.65
T0100,C0141,P0006,2023-06-27,5,392.35,1961.75
T0101,C0126,P0005,2023-03-04,4,592.62,2370.48
T0102,C0058,P0005,2023-04-26,6,193.52,1161.1200000000001
T0103,C0148,P0054,2023-07-10,3,603.77,1811.31
T0104,C0200,P0047,2023-03-03,5,862.9,4314.5
T0105,C0061,P0087,2023-09-13,2,869.95,1739.9
T0106,C0127,P0049,2023-01-07,6,727.1,4362.6
T0107,C0105,P0009,2023-06-04,6,748.3,4489.799999999999
T0108,C0167,P0099,2023-04-02,5,562.35,2811.75
T0109,C0001,P0020,2023-01-14,6,588.82,3532.92
T0110,C0131,P0061,2023-08-17,7,142.31,996.1700000000001
T0111,C0092,P0035,2023-03-27,5,449.42,2247.1
T0112,C0190,P0050,2023-05-13,1,456.27,456.27
T0113,C0191,P0082,2023-07-02,8,958.91,7671.28
T0114,C0113,P0062,2023-03-03,4,436.78,1747.12
T0115,C0153,P0017,2023-08-07,9,553.85,4984.650000000001
T0116,C0056,P0088,2023-09-03,6,537.92,3227.5199999999995
T0117,C0161,P0003,2023-08-18,1,640.39,640.39
T0118,C0166,P0032,2023-03-20,3,750.75,2252.25
T0119,C0117,P0099,2023-05-29,3,232.79,698.37
T0120,C0134,P0013,2023-05-18,4,533.44,2133.76
T0121,C0058,P0089,2023-11-10,6,827.66,4965.96
T0122,C0044,P0073,2023-03-06,7,468.48,3279.36
T0123,C0173,P0068,2023-01-13,4,285.67,1142.68
T0124,C0160,P0014,2023-08-01,6,658.16,3948.96
T0125,C0173,P0098,2023-08-30,1,825.53,825.53
T0126,C0061,P0011,2023-08-01,8,72.51,580.08
T0127,C0047,P0056,2023-06-30,7,779.02,5453.139999999999
T0128,C0149,P0067,2023-12-04,9,823.43,7410.87
T0129,C0080,P0092,2023-06-22,3,466.91,1400.73
T0130,C0118,P0029,2023-06-09,2,983.47,1966.94
T0131,C0164,P0009,2023-06-13,1,788.84,788.84
T0132,C0147,P0067,2023-07-07,3,775.93,2327.79
T0133,C0020,P0025,2023-07-10,5,750.36,3751.8
T0134,C0185,P0098,2023-11-04,2,159.1,318.2
T0135,C0146,P0076,2023-09-13,3,225.06,675.1800000000001
T0136,C0047,P0042,2023-07-02,4,469.35,1877.4
T0137,C0049,P0009,2023-04-27,7,271.36,1899.52
T0138,C0014,P0079,2023-10-09,3,421.09,1263.27
T0139,C0143,P0040,2023-07-15,9,889.58,8006.22
T0140,C0159,P0025,2023-02-03,8,826.08,6608.64
T0141,C0001,P0005,2023-02-21,4,633.74,2534.96
T0142,C0117,P0011,2023-04-22,1,859.54,859.54
T0143,C0054,P0059,2023-09-09,1,785.93,785.93
T0144,C0118,P0098,2023-03-23,1,434.7,434.7
T0145,C0003,P0088,2023-08-20,1,209.05,209.05
T0146,C0144,P0079,2023-08-15,8,519.06,4152.48
T0147,C0185,P0038,2023-08-21,3,738.87,2216.61
T0148,C0012,P0072,2023-08-09,6,442.06,2652.36
T0149,C0074,P0005,2023-02-11,3,670.1,2010.3000000000002
T0150,C0016,P0048,2023-01-21,5,103.38,516.9
T0151,C0200,P0090,2023-02-11,7,750.52,5253.639999999999
T0152,C0102,P0018,2023-04-23,2,814.59,1629.18
T0153,C0152,P0070,2023-04-15,6,709.77,4258.62
T0154,C0156,P0037,2023-07-11,6,967.59,5805.54
T0155,C0117,P0060,2023-01-17,3,828.39,2485.17
T0156,C0008,P0048,2023-04-30,6,904.06,5424.36
T0157,C0122,P0077,2023-05-09,5,934.24,4671.2
T0158,C0092,P0028,2023-05-10,2,803.33,1606.66
T0159,C0164,P0069,2023-03-01,9,677.52,6097.68
T0160,C0090,P0077,2023-02-17,8,15.66,125.28
T0161,C0136,P0081,2023-01-29,3,471.17,1413.51
T0162,C0186,P0040,2023-04-07,8,575.45,4603.6
T0163,C0060,P0045,2023-01-10,9,310.99,2798.91
T0164,C0178,P0096,2023-08-30,3,324.92,974.76
T0165,C0028,P0062,2023-11-10,3,961.55,2884.6499999999996
T0166,C0101,P0093,2023-08-20,2,892.79,1785.58
T0167,C0041,P0058,2023-10-04,8,850.69,6805.52
T0168,C0192,P0067,2023-10-11,1,411.95,411.95
T0169,C0155,P0056,2023-07-22,8,23.56,188.48
T0170,C0191,P0040,2023-09-04,7,89.42,625.94
T0171,C0145,P0098,2023-10-17,7,319.07,2233.49
T0172,C0161,P0040,2023-09-21,3,25.59,76.77
T0173,C0157,P0091,2023-08-02,1,26.98,26.98
T0174,C0141,P0077,2023-07-19,4,917.44,3669.76
T0175,C0046,P0033,2023-03-20,9,709.1,6381.900000000001
T0176,C0035,P0006,2023-12-09,5,315.87,1579.35
T0177,C0134,P0088,2023-12-10,1,141.32,141.32
T0178,C0082,P0019,2023-06-22,5,516.52,2582.6
T0179,C0115,P0080,2023-03-10,8,15.29,122.32
T0180,C0197,P0040,2023-03-28,8,939.03,7512.24
T0181,C0047,P0092,2023-04-11,5,420.67,2103.35
T0182,C0153,P0097,2023-01-08,9,408.31,3674.79
T0183,C0194,P0059,2023-11-29,1,396.69,396.69
T0184,C0010,P0059,2023-07-19,4,78.64,314.56
T0185,C0056,P0048,2023-03-28,3,641.94,1925.8200000000002
T0186,C0030,P0041,2023-02-12,2,735.67,1471.34
T0187,C0109,P0013,2023-04-19,8,679.36,5434.88
T0188,C0005,P0045,2023-06-01,7,147.05,1029.3500000000001
T0189,C0119,P0089,2023-01-17,9,583.05,5247.45
T0190,C0033,P0053,2023-05-13,2,573.79,1147.58
T0191,C0118,P0042,2023-05-28,4,869.73,3478.92
T0192,C0065,P0100,2023-10-04,6,385.34,2312.04
T0193,C0146,P0063,2023-08-20,3,377.77,1133.31
T0194,C0177,P0027,2023-11-10,8,622.34,4978.72
T0195,C0011,P0038,2023-08-16,3,636.74,1910.22
T0196,C0085,P0060,2023-05-19,2,474.59,949.18
T0197,C0026,P0007,2023-07-30,3,448.63,1345.8899999999999
T0198,C0063,P0005,2023-01-28,6,499.21,2995.2599999999998
T0199,C0086,P0045,2023-02-20,2,862.43,1724.86
T0200,C0059,P0058,2023-09-18,8,466.56,3732.48
T0201,C0027,P0031,2023-09-18,1,940.53,940.53
T0202,C0177,P0023,2023-12-16,7,508.96,3562.72
T0203,C0161,P0042,2023-12-18,2,949.71,1899.42
T0204,C0098,P0010,2023-01-08,6,834.5,5007.0
T0205,C0105,P0032,2023-11-16,2,368.81,737.62
T0206,C0099,P0053,2023-05-18,2,865.01,1730.02
T0207,C0129,P0030,2023-02-07,8,118.96,951.68
T0208,C0149,P0039,2023-04-21,2,925.8,1851.6
T0209,C0055,P0031,2023-08-08,7,635.33,4447.31
T0210,C0006,P0082,2023-12-03,3,63.85,191.55
T0211,C0197,P0100,2023-08-11,8,647.81,5182.48
T0212,C0095,P0002,2023-05-16,7,974.51,6821.57
T0213,C0133,P0078,2023-09-13,8,79.1,632.8
T0214,C0102,P0077,2023-12-26,7,559.14,3913.98
T0215,C0003,P0093,2023-11-25,6,750.32,4501.92
T0216,C0181,P0012,2023-02-18,7,812.16,5685.12
T0217,C0023,P0039,2023-10-19,5,419.69,2098.45
T0218,C0053,P0066,2023-11-20,7,212.12,1484.8400000000001
T0219,C0165,P0096,2023-03-19,1,51.92,51.92
T0220,C0083,P0013,2023-04-15,1,583.93,583.93
T0221,C0145,P0046,2023-06-18,9,458.38,4125.42
T0222,C0085,P0027,2023-08-05,5,949.26,4746.3
T0223,C0078,P0017,2023-04-29,5,70.0,350.0
T0224,C0110,P0095,2023-07-09,3,688.54,2065.62
T0225,C0001,P0098,2023-09-12,5,34.72,173.6
T0226,C0051,P0060,2023-09-23,3,179.72,539.16
T0227,C0173,P0064,2023-05-29,9,459.04,4131.360000000001
T0228,C0004,P0088,2023-06-13,9,460.32,4142.88
T0229,C0190,P0035,2023-05-20,6,688.84,4133.04
T0230,C0193,P0070,2023-12-13,1,911.11,911.11
T0231,C0113,P0083,2023-09-15,7,642.64,4498.48
T0232,C0032,P0030,2023-09-26,7,954.0,6678.0
T0233,C0034,P0071,2023-06-30,4,882.8,3531.2
T0234,C0092,P0074,2023-06-09,8,588.65,4709.2
T0235,C0095,P0096,2023-12-17,6,835.45,5012.700000000001
T0236,C0072,P0098,2023-10-15,4,646.15,2584.6
T0237,C0039,P0063,2023-10-15,4,87.77,351.08
T0238,C0154,P0028,2023-08-14,2,743.16,1486.32
T0239,C0162,P0060,2023-01-11,2,103.96,207.92
T0240,C0182,P0079,2023-01-10,4,598.14,2392.56
T0241,C0118,P0094,2023-09-28,5,705.61,3528.05
T0242,C0003,P0037,2023-09-30,8,75.86,606.88
T0243,C0123,P0093,2023-07-02,6,238.49,1430.94
T0244,C0050,P0022,2023-06-02,4,916.52,3666.08
T0245,C0012,P0068,2023-11-11,7,620.15,4341.05
T0246,C0193,P0020,2023-11-30,8,253.82,2030.56
T0247,C0054,P0096,2023-05-04,2,693.77,1387.54
T0248,C0133,P0100,2023-04-24,7,600.81,4205.67
T0249,C0057,P0068,2023-10-05,2,506.56,1013.12
T0250,C0145,P0091,2023-08-01,2,976.43,1952.86
T0251,C0112,P0064,2023-06-21,8,686.62,5492.96
T0252,C0047,P0017,2023-10-15,2,381.69,763.38
T0253,C0151,P0012,2023-06-23,9,802.07,7218.63
T0254,C0085,P0022,2023-04-23,1,885.74,885.74
T0255,C0142,P0017,2023-05-02,9,133.97,1205.73
T0256,C0066,P0010,2023-02-01,1,208.55,208.55
T0257,C0075,P0065,2023-08-10,2,224.06,448.12
T0258,C0179,P0022,2023-04-29,6,694.3,4165.799999999999
T0259,C0103,P0090,2023-02-08,6,607.01,3642.06
T0260,C0166,P0082,2023-09-25,1,622.8,622.8
T0261,C0192,P0050,2023-08-21,7,941.37,6589.59
T0262,C0038,P0014,2023-01-18,8,778.15,6225.2
T0263,C0050,P0064,2023-05-29,2,136.66,273.32
T0264,C0098,P0047,2023-05-29,8,354.03,2832.24
T0265,C0082,P0029,2023-05-06,9,441.04,3969.36
T0266,C0030,P0076,2023-10-29,6,402.0,2412.0
T0267,C0079,P0036,2023-12-26,5,672.62,3363.1
T0268,C0091,P0099,2023-08-26,9,892.97,8036.7300000000005
T0269,C0179,P0052,2023-05-15,9,312.99,2816.91
T0270,C0191,P0076,2023-05-31,1,556.36,556.36
T0271,C0052,P0007,2023-08-24,3,791.52,2374.56
T0272,C0166,P0029,2023-08-12,9,422.06,3798.54
T0273,C0079,P0011,2023-07-22,2,176.44,352.88
T0274,C0030,P0033,2023-09-13,4,480.2,1920.8
T0275,C0106,P0006,2023-03-27,4,64.67,258.68
T0276,C0051,P0079,2023-05-30,2,942.96,1885.92
T0277,C0081,P0032,2023-08-23,3,84.07,252.20999999999998
T0278,C0133,P0051,2023-12-11,3,444.07,1332.21
T0279,C0029,P0075,2023-01-22,1,534.58,534.58
T0280,C0132,P0058,2023-12-14,6,985.45,5912.700000000001
T0281,C0138,P0087,2023-10-12,8,174.36,1394.88
T0282,C0184,P0026,2023-09-26,3,123.29,369.87
T0283,C0145,P0098,2023-09-15,5,18.62,93.10000000000001
T0284,C0074,P0046,2023-01-29,1,164.02,164.02
T0285,C0017,P0098,2023-08-01,7,215.2,1506.3999999999999
T0286,C0084,P0029,2023-10-10,1,634.28,634.28
T0287,C0069,P0004,2023-02-19,9,227.51,2047.59
T0288,C0034,P0081,2023-04-05,8,30.32,242.56
T0289,C0006,P0099,2023-03-29,7,828.35,5798.45
T0290,C0053,P0013,2023-02-13,7,371.94,2603.58
T0291,C0194,P0039,2023-10-05,5,360.16,1800.8000000000002
T0292,C0126,P0015,2023-06-20,5,309.45,1547.25
T0293,C0043,P0029,2023-07-08,5,975.62,4878.1
T0294,C0115,P0029,2023-12-19,1,178.41,178.41
T0295,C0111,P0075,2023-07-03,8,899.26,7194.08
T0296,C0151,P0032,2023-01-03,1,779.04,779.04
T0297,C0183,P0002,2023-07-10,4,85.72,342.88
T0298,C0080,P0047,2023-04-28,9,986.86,8881.74
T0299,C0095,P0078,2023-01-19,9,278.65,2507.85
T0300,C0118,P0084,2023-01-23,5,107.6,538.0
T0301,C0144,P0022,2023-01-30,4,831.02,3324.08
T0302,C0008,P0075,2023-10-22,3,709.61,2128.83
T0303,C0132,P0027,2023-04-18,3,621.05,1863.1499999999999
T0304,C0104,P0067,2023-10-08,5,164.42,822.0999999999999
T0305,C0132,P0081,2023-05-08,1,483.71,483.71
T0306,C0184,P0056,2023-08-17,5,782.75,3913.75
T0307,C0025,P0092,2023-04-21,6,310.59,1863.54
T0308,C0195,P0093,2023-05-16,7,318.57,2229.99
T0309,C0096,P0021,2023-12-28,9,13.11,117.99
T0310,C0195,P0047,2023-07-05,3,182.5,547.5
T0311,C0155,P0080,2023-05-24,2,876.65,1753.3
T0312,C0093,P0059,2023-03-13,3,447.33,1341.99
T0313,C0160,P0084,2023-05-09,9,984.39,8859.51
T0314,C0178,P0006,2023-12-30,7,401.75,2812.25
T0315,C0061,P0019,2023-09-18,9,718.03,6462.2699999999995
T0316,C0122,P0057,2023-01-03,2,289.1,578.2
T0317,C0051,P0069,2023-04-14,5,370.17,1850.8500000000001
T0318,C0147,P0003,2023-08-12,4,198.82,795.28
T0319,C0021,P0001,2023-11-16,2,353.59,707.18
T0320,C0005,P0058,2023-12-28,9,551.77,4965.93
T0321,C0092,P0038,2023-12-20,9,991.86,8926.74
T0322,C0170,P0015,2023-01-10,6,667.56,4005.3599999999997
T0323,C0061,P0034,2023-10-29,6,207.25,1243.5
T0324,C0022,P0061,2023-08-19,8,54.51,436.08
T0325,C0149,P0035,2023-08-07,6,135.09,810.54
T0326,C0070,P0064,2023-03-07,1,566.93,566.93
T0327,C0001,P0025,2023-04-22,4,767.51,3070.04
T0328,C0133,P0024,2023-01-13,7,941.02,6587.139999999999
T0329,C0012,P0012,2023-03-27,2,25.66,51.32
T0330,C0090,P0018,2023-08-22,9,527.53,4747.7699999999995
T0331,C0046,P0015,2023-03-31,8,476.16,3809.28
T0332,C0034,P0080,2023-11-10,8,659.49,5275.92
T0333,C0177,P0027,2023-02-23,7,563.98,3947.86
T0334,C0078,P0072,2023-01-12,4,690.17,2760.68
T0335,C0045,P0060,2023-07-28,2,661.5,1323.0
T0336,C0155,P0046,2023-01-14,3,125.84,377.52
T0337,C0073,P0089,2023-05-01,6,801.72,4810.32
T0338,C0026,P0017,2023-01-20,5,132.0,660.0
T0339,C0047,P0093,2023-03-16,8,701.55,5612.4
T0340,C0121,P0053,2023-08-31,6,421.98,2531.88
T0341,C0056,P0008,2023-08-11,6,518.71,3112.26
T0342,C0094,P0079,2023-03-11,1,904.27,904.27
T0343,C0107,P0027,2023-11-08,4,890.98,3563.92
T0344,C0063,P0046,2023-07-30,5,819.68,4098.4
T0345,C0048,P0050,2023-04-11,3,515.05,1545.1499999999999
T0346,C0061,P0071,2023-07-05,9,738.88,6649.92
T0347,C0081,P0003,2023-05-12,1,517.77,517.77
T0348,C0026,P0093,2023-04-21,6,870.91,5225.46
T0349,C0036,P0064,2023-05-12,6,408.75,2452.5
T0350,C0001,P0044,2023-01-20,5,970.53,4852.65
T0351,C0008,P0053,2023-01-24,5,933.0,4665.0
T0352,C0113,P0024,2023-08-15,5,744.19,3720.9500000000003
T0353,C0099,P0060,2023-06-03,6,286.62,1719.72
T0354,C0180,P0003,2023-10-20,8,140.34,1122.72
T0355,C0047,P0020,2023-08-18,2,856.16,1712.32
T0356,C0127,P0046,2023-11-06,6,173.65,1041.9
T0357,C0056,P0015,2023-12-25,1,855.72,855.72
T0358,C0014,P0025,2023-07-21,4,495.86,1983.44
T0359,C0028,P0094,2023-02-07,3,412.49,1237.47
T0360,C0078,P0078,2023-09-17,9,904.16,8137.44
T0361,C0130,P0071,2023-07-07,3,607.81,1823.4299999999998
T0362,C0109,P0017,2023-02-26,6,580.85,3485.1000000000004
T0363,C0154,P0084,2023-01-20,1,563.18,563.18
T0364,C0014,P0100,2023-09-30,6,377.46,2264.7599999999998
T0365,C0187,P0009,2023-04-29,4,787.79,3151.16
T0366,C0056,P0038,2023-03-12,8,260.27,2082.16
T0367,C0115,P0048,2023-01-04,9,939.51,8455.59
T0368,C0007,P0060,2023-08-09,4,895.05,3580.2
T0369,C0003,P0063,2023-01-14,6,344.11,2064.66
T0370,C0111,P0086,2023-01-03,1,732.17,732.17
T0371,C0151,P0002,2023-08-04,4,577.49,2309.96
T0372,C0107,P0088,2023-08-17,7,344.27,2409.89
T0373,C0018,P0072,2023-12-02,1,988.64,988.64
T0374,C0038,P0011,2023-07-05,8,34.98,279.84
T0375,C0115,P0064,2023-02-24,6,260.12,1560.72
T0376,C0015,P0077,2023-09-11,5,524.87,2624.35
T0377,C0192,P0081,2023-01-24,9,526.73,4740.57
T0378,C0119,P0072,2023-06-11,2,593.04,1186.08
T0379,C0028,P0021,2023-06-07,5,754.16,3770.7999999999997
T0380,C0039,P0018,2023-03-23,6,627.24,3763.44
T0381,C0185,P0094,2023-06-08,7,604.28,4229.96
T0382,C0017,P0064,2023-07-07,5,62.98,314.9
T0383,C0086,P0082,2023-03-01,9,382.76,3444.84
T0384,C0126,P0095,2023-11-01,1,239.74,239.74
T0385,C0044,P0038,2023-11-15,7,272.72,1909.0400000000002
T0386,C0025,P0032,2023-07-30,7,558.79,3911.5299999999997
T0387,C0145,P0011,2023-06-01,4,207.51,830.04
T0388,C0013,P0045,2023-04-19,9,301.01,2709.09
T0389,C0025,P0089,2023-03-17,5,244.71,1223.55
T0390,C0068,P0033,2023-01-30,4,949.02,3796.08
T0391,C0138,P0041,2023-11-10,7,945.22,6616.54
T0392,C0067,P0008,2023-04-27,4,613.84,2455.36
T0393,C0109,P0011,2023-12-22,3,925.28,2775.84
T0394,C0146,P0086,2023-07-11,9,787.95,7091.55
T0395,C0111,P0051,2023-01-19,8,594.05,4752.4
T0396,C0111,P0088,2023-06-22,1,16.37,16.37
T0397,C0034,P0041,2023-08-16,7,774.79,5423.53
T0398,C0111,P0017,2023-12-16,9,705.46,6349.14
T0399,C0008,P0076,2023-07-02,8,619.1,4952.8
T0400,C0168,P0046,2023-04-23,8,762.82,6102.56
T0401,C0113,P0032,2023-07-02,6,517.79,3106.74
T0402,C0083,P0079,2023-05-26,4,707.04,2828.16
T0403,C0042,P0080,2023-11-15,8,935.82,7486.56
T0404,C0169,P0054,2023-04-26,3,382.05,1146.15
T0405,C0101,P0086,2023-04-23,9,711.04,6399.36
T0406,C0006,P0092,2023-09-08,2,480.93,961.86
T0407,C0180,P0020,2023-09-08,2,677.66,1355.32
T0408,C0026,P0033,2023-10-30,7,765.26,5356.82
T0409,C0064,P0074,2023-11-09,4,55.0,220.0
T0410,C0187,P0040,2023-04-28,8,650.13,5201.04
T0411,C0184,P0032,2023-10-28,9,234.47,2110.23
T0412,C0059,P0097,2023-06-10,7,673.33,4713.31
T0413,C0109,P0002,2023-07-17,5,473.65,2368.25
T0414,C0198,P0097,2023-09-17,8,775.82,6206.56
T0415,C0121,P0033,2023-05-28,4,132.17,528.68
T0416,C0033,P0077,2023-08-28,2,630.06,1260.12
T0417,C0181,P0030,2023-02-16,6,285.69,1714.1399999999999
T0418,C0150,P0033,2023-07-17,9,854.45,7690.05
T0419,C0021,P0077,2023-02-16,1,929.1,929.1
T0420,C0198,P0026,2023-03-19,7,996.43,6975.009999999999
T0421,C0070,P0022,2023-05-04,9,798.05,7182.45
T0422,C0112,P0066,2023-03-16,9,756.2,6805.8
T0423,C0004,P0038,2023-12-25,3,223.35,670.05
T0424,C0094,P0090,2023-05-17,5,342.65,1713.25
T0425,C0075,P0046,2023-03-31,8,471.03,3768.24
T0426,C0190,P0015,2023-11-21,8,775.65,6205.2
T0427,C0062,P0098,2023-03-02,4,915.82,3663.28
T0428,C0094,P0044,2023-05-18,1,197.25,197.25
T0429,C0095,P0049,2023-02-19,1,923.14,923.14
T0430,C0152,P0075,2023-09-16,4,698.67,2794.68
T0431,C0055,P0061,2023-04-17,6,614.66,3687.96
T0432,C0137,P0067,2023-04-23,8,207.84,1662.72
T0433,C0131,P0006,2023-12-16,6,64.97,389.82
T0434,C0031,P0009,2023-09-11,9,572.78,5155.0199999999995
T0435,C0040,P0006,2023-04-28,9,655.0,5895.0
T0436,C0036,P0073,2023-07-17,2,218.67,437.34
T0437,C0152,P0095,2023-12-03,1,560.89,560.89
T0438,C0006,P0032,2023-12-31,2,857.93,1715.86
T0439,C0066,P0041,2023-02-20,5,836.72,4183.6
T0440,C0075,P0076,2023-09-02,4,928.08,3712.32
T0441,C0004,P0008,2023-02-04,4,372.23,1488.92
T0442,C0079,P0072,2023-10-29,9,324.87,2923.83
T0443,C0134,P0050,2023-03-10,8,751.93,6015.44
T0444,C0118,P0092,2023-12-15,6,436.8,2620.8
T0445,C0113,P0062,2023-11-16,1,96.67,96.67
T0446,C0094,P0084,2023-02-18,2,289.97,579.94
T0447,C0179,P0062,2023-03-15,6,424.4,2546.3999999999996
T0448,C0062,P0007,2023-07-11,2,299.59,599.18
T0449,C0185,P0075,2023-09-18,5,338.88,1694.4
T0450,C0194,P0084,2023-12-22,5,300.84,1504.1999999999998
T0451,C0079,P0080,2023-03-11,6,51.08,306.48
T0452,C0136,P0004,2023-03-31,6,640.72,3844.32
T0453,C0026,P0006,2023-09-17,6,601.32,3607.92
T0454,C0179,P0058,2023-05-06,2,656.85,1313.7
T0455,C0173,P0022,2023-08-19,3,200.39,601.17
T0456,C0044,P0026,2023-10-22,6,302.7,1816.1999999999998
T0457,C0133,P0003,2023-05-09,8,623.42,4987.36
T0458,C0070,P0041,2023-10-07,1,603.63,603.63
T0459,C0154,P0060,2023-11-09,1,511.27,511.27
T0460,C0118,P0014,2023-04-10,2,356.91,713.82
T0461,C0068,P0075,2023-11-22,6,913.8,5482.799999999999
T0462,C0019,P0082,2023-10-24,9,346.37,3117.33
T0463,C0020,P0012,2023-07-01,4,461.06,1844.24
T0464,C0113,P0087,2023-06-23,3,681.33,2043.9900000000002
T0465,C0140,P0012,2023-11-12,8,547.59,4380.72
T0466,C0047,P0013,2023-12-30,9,353.42,3180.78
T0467,C0001,P0025,2023-07-07,5,441.29,2206.4500000000003
T0468,C0090,P0045,2023-02-26,9,796.54,7168.86
T0469,C0142,P0019,2023-01-31,2,285.35,570.7
T0470,C0064,P0055,2023-03-25,3,150.83,452.49
T0471,C0038,P0100,2023-06-01,7,320.03,2240.21
T0472,C0037,P0045,2023-02-05,7,851.04,5957.28
T0473,C0126,P0008,2023-08-01,6,98.1,588.5999999999999
T0474,C0139,P0093,2023-12-30,6,991.78,5950.68
T0475,C0100,P0053,2023-04-16,2,545.59,1091.18
T0476,C0077,P0055,2023-12-08,6,985.0,5910.0
T0477,C0003,P0032,2023-08-08,4,939.61,3758.44
T0478,C0161,P0051,2023-06-12,3,458.29,1374.8700000000001
T0479,C0134,P0044,2023-08-08,2,206.51,413.02
T0480,C0178,P0082,2023-09-27,1,173.24,173.24
T0481,C0010,P0070,2023-04-30,5,247.59,1237.95
T0482,C0005,P0018,2023-12-02,2,713.03,1426.06
T0483,C0151,P0083,2023-07-01,2,280.22,560.44
T0484,C0138,P0022,2023-04-16,7,348.01,2436.0699999999997
T0485,C0172,P0037,2023-08-05,8,454.29,3634.32
T0486,C0130,P0096,2023-07-24,8,914.1,7312.8
T0487,C0013,P0056,2023-03-11,4,197.5,790.0
T0488,C0168,P0059,2023-02-13,1,14.98,14.98
T0489,C0130,P0003,2023-11-25,7,69.5,486.5
T0490,C0084,P0028,2023-10-28,1,905.72,905.72
T0491,C0065,P0074,2023-08-16,4,651.04,2604.16
T0492,C0063,P0035,2023-07-03,8,280.31,2242.48
T0493,C0101,P0061,2023-04-17,2,185.42,370.84
T0494,C0073,P0093,2023-03-25,6,301.32,1807.92
T0495,C0017,P0054,2023-12-04,6,123.65,741.9000000000001
T0496,C0009,P0063,2023-09-07,9,942.12,8479.08
T0497,C0143,P0079,2023-12-29,5,786.36,3931.8
T0498,C0152,P0097,2023-01-21,4,467.77,1871.08
T0499,C0038,P0007,2023-07-15,5,866.31,4331.549999999999
T0500,C0163,P0076,2023-06-27,5,256.96,1284.8
T0501,C0094,P0049,2023-01-07,8,719.95,5759.6
T0502,C0095,P0094,2023-03-11,8,857.57,6860.56
T0503,C0049,P0085,2023-05-07,2,363.2,726.4
T0504,C0069,P0031,2023-06-09,7,759.89,5319.23
T0505,C0062,P0058,2023-09-05,8,302.12,2416.96
T0506,C0188,P0061,2023-07-22,6,305.87,1835.22
T0507,C0178,P0024,2023-05-28,5,115.99,579.9499999999999
T0508,C0078,P0020,2023-05-23,9,445.66,4010.94
T0509,C0117,P0037,2023-07-18,3,732.41,2197.23
T0510,C0120,P0004,2023-06-03,4,940.82,3763.28
T0511,C0137,P0092,2023-05-22,9,607.76,5469.84
T0512,C0162,P0020,2023-11-09,6,864.5,5187.0
T0513,C0076,P0060,2023-06-14,8,824.27,6594.16
T0514,C0035,P0024,2023-11-10,7,181.61,1271.27
T0515,C0001,P0050,2023-01-21,2,490.96,981.92
T0516,C0040,P0049,2023-03-23,3,125.75,377.25
T0517,C0064,P0051,2023-03-10,1,685.33,685.33
T0518,C0150,P0096,2023-05-11,9,950.4,8553.6
T0519,C0060,P0036,2023-03-28,7,145.72,1020.04
T0520,C0064,P0098,2023-08-06,1,736.54,736.54
T0521,C0093,P0100,2023-11-01,3,635.92,1907.7599999999998
T0522,C0072,P0066,2023-12-11,4,587.77,2351.08
T0523,C0011,P0079,2023-12-07,4,396.22,1584.88
T0524,C0105,P0034,2023-06-10,5,361.58,1807.8999999999999
T0525,C0014,P0036,2023-06-27,3,54.8,164.39999999999998
T0526,C0060,P0006,2023-04-27,3,225.73,677.1899999999999
T0527,C0030,P0039,2023-07-15,1,25.03,25.03
T0528,C0035,P0042,2023-11-23,7,585.6,4099.2
T0529,C0165,P0058,2023-03-27,1,114.79,114.79
T0530,C0005,P0012,2023-10-16,2,874.29,1748.58
T0531,C0083,P0003,2023-03-22,4,527.91,2111.64
T0532,C0123,P0018,2023-06-01,4,702.69,2810.76
T0533,C0078,P0040,2023-03-02,5,416.75,2083.75
T0534,C0154,P0021,2023-03-02,2,564.97,1129.94
T0535,C0062,P0015,2023-12-20,4,943.23,3772.92
T0536,C0132,P0097,2023-01-28,1,91.91,91.91
T0537,C0089,P0099,2023-02-12,2,261.4,522.8
T0538,C0042,P0026,2023-06-18,1,782.19,782.19
T0539,C0089,P0008,2023-03-27,4,107.75,431.0
T0540,C0146,P0100,2023-06-26,4,84.9,339.6
T0541,C0040,P0094,2023-01-17,7,367.93,2575.51
T0542,C0072,P0087,2023-04-08,9,101.25,911.25
T0543,C0039,P0042,2023-07-17,9,589.23,5303.07
T0544,C0104,P0044,2023-04-08,5,234.01,1170.05
T0545,C0014,P0014,2023-03-06,1,896.74,896.74
T0546,C0032,P0078,2023-11-26,1,785.67,785.67
T0547,C0179,P0002,2023-12-07,6,702.71,4216.26
T0548,C0125,P0037,2023-01-05,2,620.77,1241.54
T0549,C0166,P0069,2023-01-02,8,864.83,6918.64
T0550,C0097,P0038,2023-01-22,9,230.83,2077.4700000000003
T0551,C0023,P0041,2023-04-22,4,874.38,3497.52
T0552,C0063,P0062,2023-02-26,5,791.6,3958.0
T0553,C0143,P0060,2023-03-07,8,750.68,6005.44
T0554,C0153,P0014,2023-11-26,3,565.64,1696.92
T0555,C0145,P0089,2023-04-08,5,253.78,1268.9
T0556,C0194,P0084,2023-05-24,3,429.31,1287.93
T0557,C0053,P0002,2023-05-05,3,795.63,2386.89
T0558,C0104,P0070,2023-06-16,3,41.46,124.38
T0559,C0104,P0017,2023-03-27,7,784.23,5489.610000000001
T0560,C0179,P0089,2023-03-17,7,247.67,1733.6899999999998
T0561,C0039,P0028,2023-12-10,7,152.87,1070.0900000000001
T0562,C0179,P0066,2023-10-21,8,124.54,996.32
T0563,C0198,P0035,2023-02-28,5,36.98,184.89999999999998
T0564,C0134,P0005,2023-05-18,5,528.35,2641.75
T0565,C0067,P0065,2023-04-09,4,226.08,904.32
T0566,C0135,P0040,2023-07-11,7,989.54,6926.78
T0567,C0179,P0076,2023-08-31,4,578.69,2314.76
T0568,C0200,P0056,2023-11-15,2,146.51,293.02
T0569,C0042,P0036,2023-02-18,4,691.87,2767.48
T0570,C0192,P0045,2023-02-01,8,898.77,7190.16
T0571,C0015,P0023,2023-10-04,9,747.73,6729.57
T0572,C0111,P0047,2023-01-20,3,85.68,257.04
T0573,C0157,P0031,2023-06-03,7,896.93,6278.509999999999
T0574,C0033,P0011,2023-03-09,9,795.99,7163.91
T0575,C0155,P0010,2023-08-02,4,166.72,666.88
T0576,C0164,P0067,2023-05-23,3,61.27,183.81
T0577,C0157,P0014,2023-08-20,5,561.74,2808.7
T0578,C0038,P0080,2023-08-01,1,164.48,164.48
T0579,C0185,P0074,2023-03-20,3,836.25,2508.75
T0580,C0097,P0093,2023-08-02,8,364.75,2918.0
T0581,C0155,P0010,2023-04-26,8,913.76,7310.08
T0582,C0183,P0076,2023-04-02,4,570.03,2280.12
T0583,C0033,P0094,2023-09-27,2,190.85,381.7
T0584,C0196,P0001,2023-06-17,8,148.2,1185.6
T0585,C0086,P0005,2023-02-27,8,580.71,4645.68
T0586,C0066,P0020,2023-10-11,4,764.26,3057.04
T0587,C0010,P0008,2023-01-26,3,783.69,2351.07
T0588,C0005,P0043,2023-03-07,2,283.0,566.0
T0589,C0123,P0076,2023-09-05,9,212.2,1909.8
T0590,C0074,P0001,2023-09-11,1,26.59,26.59
T0591,C0097,P0057,2023-02-13,7,682.41,4776.87
T0592,C0118,P0064,2023-04-07,5,85.8,429.0
T0593,C0038,P0084,2023-02-11,8,426.55,3412.4
T0594,C0141,P0028,2023-08-15,4,605.67,2422.68
T0595,C0159,P0037,2023-09-19,7,937.74,6564.18
T0596,C0047,P0047,2023-06-16,5,318.68,1593.4
T0597,C0109,P0076,2023-10-06,5,257.27,1286.35
T0598,C0180,P0037,2023-03-30,9,657.62,5918.58
T0599,C0184,P0049,2023-06-27,9,623.05,5607.45
T0600,C0015,P0044,2023-07-16,9,338.79,3049.11
T0601,C0157,P0056,2023-11-03,6,928.82,5572.92
T0602,C0136,P0028,2023-09-24,6,846.41,5078.46
T0603,C0005,P0079,2023-09-25,5,231.74,1158.7
T0604,C0157,P0006,2023-03-15,9,246.75,2220.75
T0605,C0047,P0061,2023-01-08,8,517.18,4137.44
T0606,C0068,P0020,2023-10-24,7,775.84,5430.88
T0607,C0076,P0078,2023-06-13,7,53.6,375.2
T0608,C0173,P0002,2023-03-26,6,696.4,4178.4
T0609,C0130,P0073,2023-03-13,5,651.75,3258.75
T0610,C0155,P0037,2023-02-24,4,239.17,956.68
T0611,C0095,P0020,2023-02-16,3,684.54,2053.62
T0612,C0115,P0026,2023-08-26,3,940.78,2822.34
T0613,C0164,P0029,2023-04-14,6,56.32,337.92
T0614,C0036,P0001,2023-07-29,4,326.46,1305.84
T0615,C0026,P0035,2023-02-11,6,443.79,2662.7400000000002
T0616,C0043,P0070,2023-11-12,3,900.27,2700.81
T0617,C0027,P0059,2023-09-25,4,962.64,3850.56
T0618,C0069,P0069,2023-09-20,9,449.67,4047.03
T0619,C0148,P0033,2023-12-02,5,752.53,3762.6499999999996
T0620,C0011,P0051,2023-12-31,7,536.34,3754.38
T0621,C0074,P0078,2023-09-16,2,542.41,1084.82
T0622,C0104,P0012,2023-10-10,5,285.32,1426.6
T0623,C0038,P0020,2023-04-24,9,224.79,2023.11
T0624,C0134,P0053,2023-12-29,3,295.13,885.39
T0625,C0200,P0088,2023-02-09,9,560.76,5046.84
T0626,C0023,P0043,2023-08-08,6,38.86,233.16
T0627,C0047,P0098,2023-05-09,4,908.18,3632.72
T0628,C0090,P0089,2023-01-08,7,164.72,1153.04
T0629,C0046,P0050,2023-04-11,8,227.89,1823.12
T0630,C0107,P0029,2023-06-25,6,523.09,3138.54
T0631,C0140,P0057,2023-04-17,5,713.01,3565.05
T0632,C0141,P0039,2023-04-11,6,104.77,628.62
T0633,C0104,P0095,2023-09-17,5,324.52,1622.6
T0634,C0190,P0056,2023-09-03,8,968.99,7751.92
T0635,C0111,P0043,2023-10-02,1,269.72,269.72
T0636,C0104,P0050,2023-02-01,7,319.92,2239.44
T0637,C0060,P0023,2023-05-17,2,838.13,1676.26
T0638,C0171,P0044,2023-01-12,9,59.71,537.39
T0639,C0100,P0038,2023-10-29,1,469.97,469.97
T0640,C0068,P0084,2023-01-16,6,385.82,2314.92
T0641,C0133,P0023,2023-05-09,9,323.42,2910.78
T0642,C0120,P0045,2023-03-04,1,292.84,292.84
T0643,C0037,P0052,2023-04-19,4,100.46,401.84
T0644,C0072,P0080,2023-01-21,4,321.68,1286.72
T0645,C0127,P0050,2023-06-07,9,52.62,473.58
T0646,C0106,P0008,2023-09-26,5,783.15,3915.75
T0647,C0092,P0085,2023-06-11,5,404.25,2021.25
T0648,C0031,P0001,2023-09-17,6,449.46,2696.7599999999998
T0649,C0122,P0008,2023-04-12,1,894.66,894.66
T0650,C0137,P0029,2023-08-11,1,661.47,661.47
T0651,C0051,P0096,2023-02-28,9,17.98,161.82
T0652,C0029,P0005,2023-09-04,3,943.74,2831.2200000000003
T0653,C0040,P0086,2023-05-08,4,244.77,979.08
T0654,C0041,P0047,2023-10-10,1,116.54,116.54
T0655,C0011,P0034,2023-11-21,9,770.45,6934.05
T0656,C0151,P0065,2023-01-25,8,505.47,4043.76
T0657,C0001,P0055,2023-05-11,2,439.43,878.86
T0658,C0046,P0090,2023-12-19,8,257.01,2056.08
T0659,C0101,P0043,2023-07-15,7,552.0,3864.0
T0660,C0149,P0074,2023-10-08,6,281.64,1689.84
T0661,C0090,P0030,2023-06-03,1,902.57,902.57
T0662,C0110,P0082,2023-05-13,7,223.05,1561.3500000000001
T0663,C0164,P0017,2023-08-15,7,885.51,6198.57
T0664,C0182,P0026,2023-07-08,9,563.81,5074.289999999999
T0665,C0057,P0008,2023-09-22,1,830.2,830.2
T0666,C0001,P0047,2023-05-14,2,715.72,1431.44
T0667,C0063,P0076,2023-07-30,9,699.73,6297.57
T0668,C0182,P0091,2023-03-01,9,331.1,2979.9
T0669,C0055,P0072,2023-12-30,6,241.56,1449.3600000000001
T0670,C0115,P0089,2023-12-30,6,218.78,1312.68
T0671,C0168,P0046,2023-08-01,4,858.62,3434.48
T0672,C0143,P0068,2023-08-04,4,822.22,3288.88
T0673,C0149,P0033,2023-08-14,5,446.17,2230.85
T0674,C0175,P0001,2023-05-11,3,141.08,423.24
T0675,C0053,P0019,2023-03-17,1,388.43,388.43
T0676,C0137,P0031,2023-10-13,1,623.15,623.15
T0677,C0180,P0080,2023-10-04,7,459.86,3219.02
T0678,C0057,P0014,2023-06-05,1,782.39,782.39
T0679,C0117,P0053,2023-09-05,1,997.65,997.65
T0680,C0154,P0048,2023-08-06,3,199.22,597.66
T0681,C0169,P0069,2023-07-09,4,465.05,1860.2
T0682,C0035,P0090,2023-06-12,4,436.67,1746.68
T0683,C0063,P0062,2023-06-29,2,311.45,622.9
T0684,C0025,P0092,2023-02-03,1,206.11,206.11
T0685,C0090,P0066,2023-02-10,3,75.04,225.12
T0686,C0075,P0064,2023-11-03,4,888.25,3553.0
T0687,C0038,P0070,2023-12-04,3,425.65,1276.9499999999998
T0688,C0130,P0063,2023-11-10,8,501.93,4015.44
T0689,C0135,P0073,2023-03-16,1,917.77,917.77
T0690,C0162,P0033,2023-10-06,2,778.53,1557.06
T0691,C0091,P0041,2023-06-25,7,139.2,974.3999999999999
T0692,C0017,P0089,2023-05-30,4,569.77,2279.08
T0693,C0128,P0048,2023-09-30,8,447.83,3582.64
T0694,C0171,P0013,2023-11-21,3,799.24,2397.7200000000003
T0695,C0187,P0073,2023-04-18,6,726.99,4361.9400000000005
T0696,C0108,P0077,2023-05-19,9,693.5,6241.5
T0697,C0179,P0031,2023-12-16,1,347.14,347.14
T0698,C0182,P0075,2023-09-28,1,806.91,806.91
T0699,C0152,P0068,2023-12-13,8,61.87,494.96
T0700,C0025,P0098,2023-10-16,3,168.03,504.09000000000003
T0701,C0199,P0004,2023-07-31,5,342.27,1711.35
T0702,C0180,P0019,2023-09-29,1,86.04,86.04
T0703,C0198,P0070,2023-03-07,5,242.64,1213.1999999999998
T0704,C0088,P0098,2023-09-05,6,831.85,4991.1
T0705,C0161,P0082,2023-06-05,8,948.77,7590.16
T0706,C0177,P0013,2023-02-16,3,311.56,934.6800000000001
T0707,C0029,P0023,2023-07-20,3,271.87,815.61
T0708,C0063,P0083,2023-05-28,9,287.09,2583.81
T0709,C0150,P0075,2023-05-04,4,284.94,1139.76
T0710,C0154,P0001,2023-01-01,4,45.57,182.28
T0711,C0156,P0088,2023-09-04,7,927.65,6493.55
T0712,C0114,P0054,2023-12-09,2,221.56,443.12
T0713,C0049,P0071,2023-05-08,8,425.8,3406.4
T0714,C0199,P0089,2023-07-10,6,19.59,117.53999999999999
T0715,C0081,P0085,2023-03-08,3,859.38,2578.14
T0716,C0084,P0015,2023-01-04,9,733.85,6604.650000000001
T0717,C0105,P0065,2023-10-30,5,947.29,4736.45
T0718,C0177,P0076,2023-10-21,8,783.8,6270.4
T0719,C0148,P0071,2023-05-23,7,320.57,2243.99
T0720,C0118,P0015,2023-07-10,8,255.39,2043.12
T0721,C0086,P0021,2023-01-21,7,700.74,4905.18
T0722,C0063,P0019,2023-08-15,3,370.47,1111.41
T0723,C0189,P0060,2023-11-09,2,570.55,1141.1
T0724,C0104,P0093,2023-04-27,7,16.19,113.33000000000001
T0725,C0049,P0089,2023-10-29,3,71.27,213.81
T0726,C0071,P0033,2023-05-22,3,540.01,1620.03
T0727,C0001,P0049,2023-02-08,2,570.41,1140.82
T0728,C0141,P0096,2023-12-21,4,753.94,3015.76
T0729,C0179,P0035,2023-09-09,8,140.65,1125.2
T0730,C0123,P0044,2023-11-29,1,518.05,518.05
T0731,C0184,P0090,2023-07-26,1,202.5,202.5
T0732,C0062,P0011,2023-07-29,5,102.26,511.3
T0733,C0032,P0099,2023-04-25,5,416.39,2081.95
T0734,C0158,P0072,2023-08-13,1,171.7,171.7
T0735,C0029,P0078,2023-05-14,6,229.56,1377.3600000000001
T0736,C0049,P0074,2023-09-08,1,324.38,324.38
T0737,C0173,P0066,2023-08-07,5,266.79,1333.95
T0738,C0030,P0046,2023-04-01,9,96.72,870.48
T0739,C0144,P0009,2023-12-20,5,99.02,495.09999999999997
T0740,C0168,P0003,2023-02-15,6,201.32,1207.92
T0741,C0019,P0085,2023-02-07,8,60.05,480.4
T0742,C0018,P0026,2023-05-22,1,630.19,630.19
T0743,C0001,P0072,2023-04-10,2,294.45,588.9
T0744,C0078,P0048,2023-11-24,9,286.95,2582.5499999999997
T0745,C0115,P0066,2023-07-09,3,338.68,1016.04
T0746,C0175,P0070,2023-02-04,6,666.17,3997.0199999999995
T0747,C0194,P0028,2023-05-27,5,871.93,4359.65
T0748,C0113,P0093,2023-01-30,2,761.5,1523.0
T0749,C0114,P0026,2023-11-30,7,730.25,5111.75
T0750,C0166,P0025,2023-03-25,4,489.55,1958.2
T0751,C0179,P0012,2023-10-08,1,696.87,696.87
T0752,C0063,P0005,2023-12-10,4,557.23,2228.92
T0753,C0132,P0098,2023-09-27,6,224.09,1344.54
T0754,C0129,P0048,2023-06-03,7,216.5,1515.5
T0755,C0008,P0037,2023-04-12,7,303.43,2124.01
T0756,C0157,P0079,2023-08-03,7,911.69,6381.83
T0757,C0055,P0044,2023-05-30,3,551.94,1655.8200000000002
T0758,C0103,P0100,2023-03-24,6,736.57,4419.42
T0759,C0131,P0015,2023-04-20,8,353.09,2824.72
T0760,C0032,P0043,2023-10-02,4,413.64,1654.56
T0761,C0010,P0048,2023-07-20,8,134.31,1074.48
T0762,C0110,P0087,2023-10-11,2,179.58,359.16
T0763,C0162,P0070,2023-06-22,9,829.08,7461.72
T0764,C0124,P0046,2023-11-23,9,588.99,5300.91
T0765,C0087,P0043,2023-07-25,8,344.16,2753.28
T0766,C0055,P0021,2023-03-04,1,804.82,804.82
T0767,C0032,P0023,2023-03-14,2,254.05,508.1
T0768,C0178,P0080,2023-09-08,6,976.27,5857.62
T0769,C0135,P0047,2023-05-04,5,351.37,1756.85
T0770,C0093,P0015,2023-05-01,9,343.94,3095.46
T0771,C0008,P0025,2023-10-02,5,318.79,1593.95
T0772,C0065,P0036,2023-04-30,2,130.89,261.78
T0773,C0057,P0075,2023-11-13,4,120.03,480.12
T0774,C0067,P0051,2023-06-13,9,651.62,5864.58
T0775,C0187,P0015,2023-10-13,1,876.37,876.37
T0776,C0072,P0068,2023-09-22,1,792.62,792.62
T0777,C0054,P0021,2023-11-16,7,149.7,1047.8999999999999
T0778,C0067,P0013,2023-06-10,3,550.13,1650.3899999999999
T0779,C0051,P0086,2023-11-04,2,114.54,229.08
T0780,C0097,P0019,2023-03-30,9,54.84,493.56000000000006
T0781,C0092,P0034,2023-05-22,3,659.82,1979.46
T0782,C0008,P0078,2023-07-22,2,539.8,1079.6
T0783,C0162,P0068,2023-11-05,8,91.2,729.6
T0784,C0035,P0052,2023-08-15,6,44.59,267.54
T0785,C0096,P0027,2023-11-30,6,989.86,5939.16
T0786,C0088,P0029,2023-08-10,7,39.72,278.03999999999996
T0787,C0078,P0028,2023-02-10,7,450.08,3150.56
T0788,C0032,P0035,2023-07-15,6,509.57,3057.42
T0789,C0120,P0008,2023-03-09,4,126.11,504.44
T0790,C0046,P0016,2023-09-21,9,177.37,1596.33
T0791,C0144,P0036,2023-01-02,6,358.29,2149.7400000000002
T0792,C0196,P0030,2023-12-27,4,764.06,3056.24
T0793,C0165,P0018,2023-05-05,3,512.01,1536.03
T0794,C0182,P0002,2023-04-20,4,641.52,2566.08
T0795,C0142,P0049,2023-03-27,3,985.32,2955.96
T0796,C0055,P0077,2023-04-30,2,770.33,1540.66
T0797,C0176,P0004,2023-05-07,5,440.02,2200.1
T0798,C0007,P0090,2023-09-12,2,451.98,903.96
T0799,C0074,P0089,2023-07-02,6,622.58,3735.4800000000005
T0800,C0007,P0094,2023-01-16,3,668.71,2006.13
T0801,C0161,P0075,2023-03-03,6,505.7,3034.2
T0802,C0151,P0007,2023-06-07,9,648.41,5835.69
T0803,C0085,P0095,2023-09-25,1,33.3,33.3
T0804,C0147,P0074,2023-02-04,6,435.33,2611.98
T0805,C0112,P0039,2023-09-24,9,286.15,2575.35
T0806,C0125,P0013,2023-03-05,4,137.88,551.52
T0807,C0147,P0031,2023-02-19,2,108.55,217.1
T0808,C0036,P0071,2023-09-12,4,607.16,2428.64
T0809,C0029,P0063,2023-05-29,1,528.36,528.36
T0810,C0188,P0056,2023-11-21,3,261.05,783.1500000000001
T0811,C0082,P0042,2023-10-31,9,476.24,4286.16
T0812,C0002,P0061,2023-10-03,5,497.31,2486.55
T0813,C0129,P0042,2023-12-23,6,203.06,1218.3600000000001
T0814,C0047,P0056,2023-06-21,3,655.57,1966.71
T0815,C0197,P0036,2023-07-20,5,783.11,3915.55
T0816,C0148,P0084,2023-11-20,8,793.55,6348.4
T0817,C0011,P0068,2023-02-04,6,606.45,3638.7000000000003
T0818,C0130,P0007,2023-08-04,4,516.52,2066.08
T0819,C0195,P0054,2023-03-06,2,70.4,140.8
T0820,C0119,P0001,2023-01-08,9,294.95,2654.5499999999997
T0821,C0140,P0044,2023-10-28,1,102.34,102.34
T0822,C0020,P0045,2023-12-09,1,964.18,964.18
T0823,C0005,P0047,2023-11-28,4,143.73,574.92
T0824,C0037,P0013,2023-03-17,7,160.26,1121.82
T0825,C0166,P0022,2023-06-23,1,890.68,890.68
T0826,C0137,P0021,2023-02-16,9,944.49,8500.41
T0827,C0053,P0086,2023-01-15,4,768.17,3072.68
T0828,C0172,P0092,2023-12-27,3,15.35,46.05
T0829,C0099,P0009,2023-05-27,1,11.33,11.33
T0830,C0086,P0026,2023-01-26,4,384.32,1537.28
T0831,C0108,P0009,2023-11-04,9,151.96,1367.64
T0832,C0024,P0015,2023-04-03,6,28.2,169.2
T0833,C0081,P0010,2023-08-20,6,469.43,2816.58
T0834,C0158,P0088,2023-01-21,1,943.63,943.63
T0835,C0120,P0042,2023-11-03,2,330.58,661.16
T0836,C0059,P0072,2023-02-07,6,664.53,3987.18
T0837,C0128,P0024,2023-10-03,2,655.71,1311.42
T0838,C0114,P0080,2023-06-06,3,258.57,775.71
T0839,C0115,P0049,2023-06-28,4,653.92,2615.68
T0840,C0014,P0026,2023-05-12,5,220.21,1101.05
T0841,C0009,P0091,2023-11-07,9,130.79,1177.11
T0842,C0040,P0037,2023-12-14,4,704.37,2817.48
T0843,C0194,P0068,2023-01-28,9,122.31,1100.79
T0844,C0025,P0050,2023-09-17,3,996.94,2990.82
T0845,C0103,P0024,2023-03-17,8,191.62,1532.96
T0846,C0022,P0019,2023-03-08,1,598.2,598.2
T0847,C0004,P0100,2023-12-08,9,417.26,3755.34
T0848,C0154,P0060,2023-07-13,9,135.12,1216.08
T0849,C0186,P0039,2023-06-11,2,37.57,75.14
T0850,C0029,P0074,2023-12-13,4,626.5,2506.0
T0851,C0109,P0089,2023-12-27,8,808.69,6469.52
T0852,C0098,P0018,2023-09-14,7,843.6,5905.2
T0853,C0037,P0019,2023-03-13,1,487.89,487.89
T0854,C0075,P0036,2023-03-28,5,779.68,3898.3999999999996
T0855,C0070,P0074,2023-09-19,7,676.12,4732.84
T0856,C0146,P0097,2023-08-02,4,727.01,2908.04
T0857,C0128,P0055,2023-06-02,1,497.67,497.67
T0858,C0085,P0069,2023-07-29,9,637.08,5733.72
T0859,C0042,P0047,2023-03-02,5,807.47,4037.3500000000004
T0860,C0100,P0049,2023-09-25,2,403.91,807.82
T0861,C0041,P0099,2023-09-19,8,807.92,6463.36
T0862,C0166,P0098,2023-08-06,2,596.1,1192.2
T0863,C0034,P0033,2023-10-10,3,174.24,522.72
T0864,C0017,P0021,2023-05-16,1,34.44,34.44
T0865,C0165,P0081,2023-12-28,2,369.13,738.26
T0866,C0153,P0022,2023-04-03,7,551.23,3858.61
T0867,C0122,P0048,2023-04-19,2,841.42,1682.84
T0868,C0076,P0037,2023-08-29,6,136.21,817.26
T0869,C0087,P0015,2023-12-21,3,802.2,2406.6000000000004
T0870,C0117,P0035,2023-05-22,4,864.38,3457.52
T0871,C0106,P0092,2023-10-18,8,159.18,1273.44
T0872,C0086,P0071,2023-08-25,3,853.08,2559.2400000000002
T0873,C0027,P0032,2023-12-06,6,991.54,5949.24
T0874,C0057,P0011,2023-11-08,1,729.57,729.57
T0875,C0031,P0010,2023-06-26,7,786.92,5508.44
T0876,C0134,P0073,2023-05-21,8,994.47,7955.76
T0877,C0168,P0078,2023-07-08,8,609.43,4875.44
T0878,C0098,P0077,2023-02-18,3,314.81,944.4300000000001
T0879,C0012,P0057,2023-10-29,1,839.16,839.16
T0880,C0053,P0025,2023-07-09,9,618.34,5565.06
T0881,C0199,P0002,2023-05-16,6,585.38,3512.2799999999997
T0882,C0138,P0064,2023-02-12,9,261.1,2349.9
T0883,C0173,P0035,2023-12-19,7,758.77,5311.389999999999
T0884,C0145,P0007,2023-03-31,1,90.85,90.85
T0885,C0154,P0085,2023-10-22,1,925.04,925.04
T0886,C0190,P0018,2023-12-07,6,332.57,1995.42
T0887,C0122,P0067,2023-09-02,5,136.5,682.5
T0888,C0046,P0042,2023-07-11,9,447.94,4031.46
T0889,C0064,P0039,2023-11-14,2,52.05,104.1
T0890,C0130,P0041,2023-04-16,8,687.78,5502.24
T0891,C0054,P0075,2023-12-29,5,903.68,4518.4
T0892,C0107,P0024,2023-11-06,2,838.89,1677.78
T0893,C0193,P0060,2023-08-21,6,136.1,816.5999999999999
T0894,C0051,P0046,2023-09-22,8,135.01,1080.08
T0895,C0181,P0019,2023-12-10,4,815.3,3261.2
T0896,C0036,P0068,2023-02-06,2,925.01,1850.02
T0897,C0115,P0090,2023-11-01,5,466.06,2330.3
T0898,C0026,P0042,2023-02-10,2,503.98,1007.96
T0899,C0029,P0032,2023-01-17,2,325.08,650.16
T0900,C0149,P0039,2023-12-10,6,895.32,5371.92
T0901,C0011,P0036,2023-10-04,9,648.45,5836.05
T0902,C0040,P0097,2023-11-03,4,295.37,1181.48
T0903,C0011,P0036,2023-02-28,6,305.8,1834.8000000000002
T0904,C0164,P0003,2023-07-02,7,892.29,6246.03
T0905,C0113,P0073,2023-02-10,6,23.5,141.0
T0906,C0187,P0008,2023-02-08,8,329.5,2636.0
T0907,C0039,P0097,2023-07-11,4,558.81,2235.24
T0908,C0054,P0070,2023-09-24,1,156.74,156.74
T0909,C0098,P0041,2023-05-27,7,101.18,708.26
T0910,C0055,P0068,2023-11-29,3,817.12,2451.36
T0911,C0111,P0013,2023-05-07,6,895.46,5372.76
T0912,C0152,P0049,2023-02-15,2,825.37,1650.74
T0913,C0150,P0060,2023-02-14,9,899.8,8098.2
T0914,C0069,P0002,2023-01-01,1,557.58,557.58
T0915,C0056,P0060,2023-06-17,6,814.14,4884.84
T0916,C0033,P0005,2023-04-18,6,390.2,2341.2
T0917,C0036,P0044,2023-01-19,5,669.61,3348.05
T0918,C0148,P0027,2023-11-28,5,988.95,4944.75
T0919,C0081,P0032,2023-03-13,1,233.47,233.47
T0920,C0190,P0021,2023-04-19,5,396.0,1980.0
T0921,C0109,P0008,2023-09-25,2,485.25,970.5
T0922,C0154,P0072,2023-08-28,7,146.64,1026.48
T0923,C0194,P0050,2023-10-28,3,90.23,270.69
T0924,C0073,P0067,2023-03-31,4,831.43,3325.72
T0925,C0040,P0044,2023-04-13,3,977.03,2931.09
T0926,C0017,P0058,2023-09-07,3,410.68,1232.04
T0927,C0129,P0003,2023-01-08,4,96.77,387.08
T0928,C0061,P0086,2023-06-02,5,75.15,375.75
T0929,C0171,P0070,2023-12-13,1,892.41,892.41
T0930,C0104,P0002,2023-06-23,4,469.18,1876.72
T0931,C0042,P0087,2023-12-09,8,326.83,2614.64
T0932,C0025,P0044,2023-06-07,7,481.7,3371.9
T0933,C0039,P0002,2023-08-03,9,325.12,2926.08
T0934,C0035,P0081,2023-06-26,5,494.15,2470.75
T0935,C0131,P0035,2023-06-24,4,860.96,3443.84
T0936,C0108,P0098,2023-12-06,8,596.38,4771.04
T0937,C0172,P0087,2023-12-04,9,697.71,6279.39
T0938,C0179,P0030,2023-05-26,7,371.02,2597.14
T0939,C0102,P0008,2023-11-20,7,741.12,5187.84
T0940,C0098,P0022,2023-06-10,5,669.95,3349.75
T0941,C0012,P0044,2023-05-07,4,128.37,513.48
T0942,C0019,P0058,2023-03-23,1,576.92,576.92
T0943,C0101,P0036,2023-05-27,7,264.18,1849.26
T0944,C0044,P0069,2023-08-27,1,806.05,806.05
T0945,C0187,P0077,2023-03-25,1,431.68,431.68
T0946,C0049,P0093,2023-04-23,5,994.74,4973.7
T0947,C0189,P0031,2023-08-13,9,101.58,914.22
T0948,C0017,P0047,2023-11-28,6,782.54,4695.24
T0949,C0074,P0055,2023-08-31,3,676.96,2030.88
T0950,C0057,P0080,2023-05-23,3,769.82,2309.46
T0951,C0055,P0062,2023-02-10,7,314.45,2201.15
T0952,C0047,P0030,2023-09-15,6,497.13,2982.7799999999997
T0953,C0012,P0055,2023-10-12,9,798.54,7186.86
T0954,C0062,P0016,2023-04-15,6,240.22,1441.32
T0955,C0080,P0012,2023-07-21,5,233.77,1168.8500000000001
T0956,C0083,P0017,2023-11-03,7,555.54,3888.7799999999997
T0957,C0008,P0016,2023-11-27,1,528.33,528.33
T0958,C0149,P0012,2023-09-23,7,289.44,2026.08
T0959,C0081,P0008,2023-07-29,3,305.09,915.27
T0960,C0118,P0084,2023-02-20,9,285.07,2565.63
T0961,C0198,P0003,2023-04-28,6,773.8,4642.799999999999
T0962,C0200,P0016,2023-07-20,9,655.38,5898.42
T0963,C0025,P0030,2023-02-08,5,834.09,4170.45
T0964,C0089,P0023,2023-01-28,7,975.72,6830.04
T0965,C0012,P0092,2023-09-16,4,479.42,1917.68
T0966,C0143,P0005,2023-03-25,7,76.03,532.21
T0967,C0059,P0084,2023-06-04,1,57.61,57.61
T0968,C0154,P0065,2023-04-27,7,302.71,2118.97
T0969,C0109,P0030,2023-01-02,8,933.22,7465.76
T0970,C0026,P0021,2023-04-03,5,527.98,2639.9
T0971,C0047,P0084,2023-06-15,2,279.07,558.14
T0972,C0032,P0070,2023-12-16,5,405.18,2025.9
T0973,C0010,P0022,2023-10-23,6,602.61,3615.66
T0974,C0016,P0082,2023-09-15,2,656.42,1312.84
T0975,C0199,P0072,2023-03-22,6,162.38,974.28
T0976,C0145,P0032,2023-09-25,6,977.26,5863.5599999999995
T0977,C0151,P0033,2023-08-23,1,549.32,549.32
T0978,C0026,P0016,2023-11-17,1,144.33,144.33
T0979,C0086,P0076,2023-11-07,3,894.7,2684.1000000000004
T0980,C0135,P0038,2023-10-28,3,83.89,251.67000000000002
T0981,C0014,P0098,2023-12-23,4,908.66,3634.64
T0982,C0079,P0014,2023-08-01,2,996.6,1993.2
T0983,C0117,P0036,2023-03-03,9,703.43,6330.87
T0984,C0007,P0097,2023-02-18,7,772.74,5409.18
T0985,C0137,P0023,2023-05-07,7,343.93,2407.51
T0986,C0115,P0066,2023-08-11,6,942.16,5652.96
T0987,C0176,P0085,2023-10-06,3,534.42,1603.2599999999998
T0988,C0072,P0002,2023-10-21,6,735.06,4410.36
T0989,C0059,P0091,2023-10-11,8,924.87,7398.96
T0990,C0082,P0073,2023-10-04,8,975.43,7803.44
T0991,C0116,P0065,2023-04-17,9,834.87,7513.83
T0992,C0167,P0075,2023-05-26,1,309.99,309.99
T0993,C0146,P0067,2023-04-09,1,966.88,966.88
T0994,C0187,P0052,2023-03-14,3,631.84,1895.52
T0995,C0103,P0062,2023-05-02,3,931.34,2794.02
T0996,C0017,P0023,2023-01-30,8,679.34,5434.72
T0997,C0014,P0026,2023-07-07,1,314.17,314.17
T0998,C0159,P0068,2023-12-30,2,376.32,752.64
T0999,C0152,P0082,2023-12-20,2,554.97,1109.94
T1000,C0108,P0055,2023-10-15,3,792.11,2376.33
